﻿<?xml version="1.0" encoding="utf-8"?>
<RuleSetOptions>
  <Rule ID="$(AS_PROJECT_PATH)\temp\objects\sampletext\4pp065_0571_p74\iomap.br">
    <Prerequisite ID="$(AS_PROJECT_PATH)\physical\sampletext\4pp065_0571_p74\iomap.iom" LastWriteTime="2017-08-30 12:45:22" />
    <Prerequisite ID="$(AS_PROJECT_PATH)\physical\sampletext\4pp065_0571_p74\pvmap.vvm" LastWriteTime="2016-09-27 07:11:40" />
    <Prerequisite ID="$(AS_PROJECT_PATH)\temp\objects\sampletext\4pp065_0571_p74\channelconfiguration.xml" LastWriteTime="2019-10-02 18:13:36" />
    <Prerequisite ID="$(AS_PROJECT_PATH)\physical\sampletext\hardware.hw" LastWriteTime="2019-09-30 17:48:18" />
    <Prerequisite ID="$(AS_PROJECT_PATH)\physical\sampletext\4pp065_0571_p74\cpu.sw" LastWriteTime="2019-10-02 18:04:28" />
    <CommandLine Parameter="&quot;$(AS_PROJECT_PATH)\Physical\SampleText\4PP065_0571_P74\IoMap.iom&quot; &quot;$(AS_PROJECT_PATH)\Physical\SampleText\4PP065_0571_P74\PvMap.vvm&quot; -m &quot;$(AS_PROJECT_PATH)\Temp\Objects\SampleText\4PP065_0571_P74\ConfigInfo.cfi&quot; -g &quot;$(AS_PROJECT_PATH)\Temp\Objects\Declarations.lst&quot; -x &quot;$(AS_PROJECT_PATH)\Temp\Objects\SampleText\4PP065_0571_P74\ChannelConfiguration.xml&quot; -v V1.00.0 -f &quot;$(AS_PROJECT_PATH)\Temp\Objects\SampleText\4PP065_0571_P74&quot; -iomap -o &quot;$(AS_PROJECT_PATH)\Temp\Objects\SampleText\4PP065_0571_P74\iomap.br&quot; -T SG4 -B D4.52 -P &quot;$(AS_PROJECT_PATH)&quot; -s &quot;SampleText.4PP065_0571_P74&quot;" />
  </Rule>
  <Rule ID="$(AS_PROJECT_PATH)\temp\objects\sampletext\4pp065_0571_p74\ashwac.br">
    <Prerequisite ID="$(AS_PROJECT_PATH)\physical\sampletext\hardware.hw" LastWriteTime="2019-09-30 17:48:18" />
    <CommandLine Parameter="&quot;$(AS_PROJECT_PATH)\Physical\SampleText\Hardware.hw&quot;  -o &quot;$(AS_PROJECT_PATH)\Temp\Objects\SampleText\4PP065_0571_P74\ashwac.br&quot; -L &quot;AsIecCon: V*, asstring: V*, astime: V*, Library1: V*, Operator: V*, Runtime: V*, sys_lib: V*&quot; -c &quot;SampleText&quot; -Z &quot;UnitSystem: n.d, TextSystem: n.d, ProgrammingSystem: n.d, Connectivity: n.d, AAS: n.d&quot; -M IA32 -B D4.52 -P &quot;$(AS_PROJECT_PATH)&quot; -s &quot;SampleText&quot; -T SG4 " />
  </Rule>
  <Rule ID="$(AS_PROJECT_PATH)\temp\objects\sampletext\4pp065_0571_p74\sysconf.br">
    <Prerequisite ID="$(AS_PROJECT_PATH)\physical\sampletext\hardware.hw" LastWriteTime="2019-09-30 17:48:18" />
    <CommandLine Parameter="&quot;$(AS_PROJECT_PATH)\Physical\SampleText\Hardware.hw&quot;  -c &quot;SampleText&quot; -sysconf -S &quot;4PP065_0571_P74&quot; -F 1.6 -o &quot;$(AS_PROJECT_PATH)\Temp\Objects\SampleText\4PP065_0571_P74\sysconf.br&quot; -T SG4 -B D4.52 -P &quot;$(AS_PROJECT_PATH)&quot; -s &quot;SampleText&quot; " />
  </Rule>
  <Rule ID="$(AS_PROJECT_PATH)\temp\objects\sampletext\4pp065_0571_p74\asfw.br">
    <Prerequisite ID="$(AS_PROJECT_PATH)\physical\sampletext\hardware.hw" LastWriteTime="2019-09-30 17:48:18" />
    <Prerequisite ID="c:\brautomation\as45\upgrades\modified.txt" LastWriteTime="2018-12-17 12:20:22" />
    <CommandLine Parameter="&quot;$(AS_PROJECT_PATH)\Physical\SampleText\Hardware.hw&quot;  -v V1.00.0 -S &quot;4PP065_0571_P74&quot; -o &quot;$(AS_PROJECT_PATH)\Temp\Objects\SampleText\4PP065_0571_P74\asfw.br&quot; -T SG4 -B D4.52 -P &quot;$(AS_PROJECT_PATH)&quot; -c &quot;SampleText&quot; -zip -s &quot;SampleText&quot; -firmware -F 1.6 " />
  </Rule>
  <Rule ID="$(AS_PROJECT_PATH)\temp\objects\sampletext\4pp065_0571_p74\ashwd.br">
    <Prerequisite ID="$(AS_PROJECT_PATH)\physical\sampletext\hardware.hw" LastWriteTime="2019-09-30 17:48:18" />
    <Prerequisite ID="c:\brautomation\as45\upgrades\modified.txt" LastWriteTime="2018-12-17 12:20:22" />
    <CommandLine Parameter="&quot;$(AS_PROJECT_PATH)\Physical\SampleText\Hardware.hw&quot;  -v V1.00.0 -S &quot;4PP065_0571_P74&quot; -o &quot;$(AS_PROJECT_PATH)\Temp\Objects\SampleText\4PP065_0571_P74\ashwd.br&quot; -T SG4 -B D4.52 -P &quot;$(AS_PROJECT_PATH)&quot; -c &quot;SampleText&quot; -zip -s &quot;SampleText&quot; -hwd -F 1.6 " />
  </Rule>
  <Rule ID="$(AS_PROJECT_PATH)\temp\objects\sampletext\4pp065_0571_p74\arconfig.br">
    <Prerequisite ID="$(AS_PROJECT_PATH)\physical\sampletext\4pp065_0571_p74\iomap.iom" LastWriteTime="2017-08-30 12:45:22" />
    <Prerequisite ID="$(AS_PROJECT_PATH)\physical\sampletext\hardware.hw" LastWriteTime="2019-09-30 17:48:18" />
    <CommandLine Parameter="&quot;$(AS_PROJECT_PATH)\Physical\SampleText\4PP065_0571_P74\IoMap.iom&quot; &quot;$(AS_PROJECT_PATH)\Physical\SampleText\Hardware.hw&quot;  -arconfig -C &quot;/RT=1000 /AM=* /SDT=5 /DAIP=10.1.1.13 /REPO=11159 /ANSL=1 /PT=11169&quot; -D &quot;/IF=tcpip /LOPO=11159 /SA=2&quot; -c &quot;SampleText&quot; -v V1.00.0 -S &quot;4PP065_0571_P74&quot; -F 1.6 -o &quot;$(AS_PROJECT_PATH)\Temp\Objects\SampleText\4PP065_0571_P74\arconfig.br&quot; &quot;$(AS_PROJECT_PATH)\Temp\Objects\SampleText\4PP065_0571_P74\ChannelConfiguration.xml&quot; &quot;$(AS_PROJECT_PATH)\Temp\Objects\SampleText\4PP065_0571_P74\HardwareConfiguration.xml&quot; &quot;$(AS_PROJECT_PATH)\Temp\Objects\SampleText\4PP065_0571_P74\ReActionTechnologyConfiguration.xml&quot; -T SG4 -B D4.52 -P &quot;$(AS_PROJECT_PATH)&quot; -s &quot;SampleText&quot; " />
  </Rule>
  <Rule ID="$(AS_PROJECT_PATH)\temp\objects\sampletext\4pp065_0571_p74\udbdef.br">
    <Prerequisite ID="c:\brautomation\as45\as\technologypackages\unitsystem\n.d\transfer\modules\sg4\udbdef.br" LastWriteTime="2018-11-12 17:25:24" />
    <CommandLine Parameter="/c copy /B /Y &quot;C:\BrAutomation\AS45\AS\TechnologyPackages\UnitSystem\n.d\Transfer\Modules\SG4\udbdef.br&quot; &quot;$(AS_PROJECT_PATH)\Temp\Objects\SampleText\4PP065_0571_P74\udbdef.br&quot; &gt; nul" />
  </Rule>
  <Rule ID="$(AS_PROJECT_PATH)\temp\objects\sampletext\4pp065_0571_p74\tcdata\tcdata.imx">
    <Prerequisite ID="c:\brautomation\as45\as\technologypackages\textsystem\n.d\objectcatalog\elements\textconfig\template\tc.textconfig" LastWriteTime="2018-11-12 17:25:24" />
    <CommandLine Parameter=" -o &quot;$(AS_PROJECT_PATH)\Temp\Objects\SampleText\4PP065_0571_P74\TCData\TCData.imx&quot; -c &quot;C:\BrAutomation\AS45\AS\TechnologyPackages\TextSystem\n.d\ObjectCatalog\Elements\TextConfig\Template\TC.textconfig&quot; -I &quot;C:\BrAutomation\AS\System\D0452&quot; &quot;C:\BrAutomation\AS45\AS\TechnologyPackages\UnitSystem\n.d&quot; -P &quot;$(AS_PROJECT_PATH)&quot;" />
  </Rule>
  <Rule ID="$(AS_PROJECT_PATH)\temp\objects\sampletext\4pp065_0571_p74\tcdata\tcdata.s18d">
    <Prerequisite ID="$(AS_PROJECT_PATH)\temp\objects\sampletext\4pp065_0571_p74\tcdata\tcdata.imx" LastWriteTime="2019-10-02 18:13:36" />
    <CommandLine Parameter="&quot;$(AS_PROJECT_PATH)\Temp\Objects\SampleText\4PP065_0571_P74\TCData\TCData.imx&quot; -o &quot;$(AS_PROJECT_PATH)\Temp\Objects\SampleText\4PP065_0571_P74\TCData\TCData.s18d&quot;" />
  </Rule>
  <Rule ID="$(AS_PROJECT_PATH)\temp\objects\sampletext\4pp065_0571_p74\tcdata.br">
    <Prerequisite ID="$(AS_PROJECT_PATH)\temp\objects\sampletext\4pp065_0571_p74\tcdata\tcdata.s18d" LastWriteTime="2019-10-02 18:13:36" />
    <CommandLine Parameter="&quot;$(AS_PROJECT_PATH)\Temp\Objects\SampleText\4PP065_0571_P74\TCData\TCData.s18d&quot;  -o &quot;$(AS_PROJECT_PATH)\Temp\Objects\SampleText\4PP065_0571_P74\TCData.br&quot; -t TextModule" />
  </Rule>
  <Rule ID="$(AS_PROJECT_PATH)\temp\objects\sampletext\4pp065_0571_p74\role.br">
    <Prerequisite ID="$(AS_PROJECT_PATH)\physical\sampletext\4pp065_0571_p74\accessandsecurity\userrolesystem\role.role" LastWriteTime="2016-09-27 07:11:40" />
    <CommandLine Parameter="&quot;$(AS_PROJECT_PATH)\Physical\SampleText\4PP065_0571_P74\AccessAndSecurity\UserRoleSystem\Role.role&quot;  -o &quot;$(AS_PROJECT_PATH)\Temp\Objects\SampleText\4PP065_0571_P74\Role.br&quot; -zip -B D4.52 -F 1.6 -z n.d -P &quot;$(AS_PROJECT_PATH)&quot; -c &quot;SampleText&quot; " />
  </Rule>
  <Rule ID="$(AS_PROJECT_PATH)\temp\objects\sampletext\4pp065_0571_p74\user.br">
    <Prerequisite ID="$(AS_PROJECT_PATH)\physical\sampletext\4pp065_0571_p74\accessandsecurity\userrolesystem\user.user" LastWriteTime="2016-09-27 07:11:40" />
    <CommandLine Parameter="&quot;$(AS_PROJECT_PATH)\Physical\SampleText\4PP065_0571_P74\AccessAndSecurity\UserRoleSystem\User.user&quot;  -o &quot;$(AS_PROJECT_PATH)\Temp\Objects\SampleText\4PP065_0571_P74\User.br&quot; -zip -B D4.52 -F 1.6 -z n.d -P &quot;$(AS_PROJECT_PATH)&quot; -c &quot;SampleText&quot; " />
  </Rule>
  <Rule ID="$(AS_PROJECT_PATH)\temp\objects\sampletext\4pp065_0571_p74\program1.br">
    <Prerequisite ID="$(AS_PROJECT_PATH)\temp\objects\sampletext\4pp065_0571_p74\program1\program1.ox" LastWriteTime="2019-10-02 18:20:36" />
    <Prerequisite ID="$(AS_PROJECT_PATH)\physical\sampletext\4pp065_0571_p74\cpu.per" LastWriteTime="2016-09-27 07:11:40" />
    <Prerequisite ID="$(AS_PROJECT_PATH)\logical\libraries\library1\library1.fun" LastWriteTime="2019-09-30 16:38:44" />
    <Prerequisite ID="$(AS_PROJECT_PATH)\logical\program1\variables.var" LastWriteTime="2019-10-01 17:25:24" />
    <CommandLine Parameter="&quot;$(AS_PROJECT_PATH)\Temp\Objects\SampleText\4PP065_0571_P74\Program1\Program1.ox&quot;  -o &quot;$(AS_PROJECT_PATH)\Temp\Objects\SampleText\4PP065_0571_P74\Program1.br&quot; -v V1.00.0 -f &quot;$(AS_PROJECT_PATH)\Temp\Objects\SampleText\4PP065_0571_P74\NT.ofs&quot; -offsetLT &quot;$(AS_PROJECT_PATH)\Binaries\SampleText\4PP065_0571_P74\LT.ofs&quot; -T SG4 -M IA32 -B D4.52 -G V4.1.2  -extConstants -r Cyclic4 -p 2 -s &quot;Program1&quot; -L &quot;AsIecCon: V*, asstring: V*, astime: V*, Library1: V*, Operator: V*, Runtime: V*, sys_lib: V*&quot; -P &quot;$(AS_PROJECT_PATH)&quot; " />
    <AdditionalBuildTrigger Key="VolatileMemory" Value="65535" />
    <AdditionalBuildTrigger Key="PermanentAnalogMemory" Value="0" />
    <AdditionalBuildTrigger Key="PermanentDigitalMemory" Value="0" />
    <AdditionalBuildTrigger Key="RemanentMemory" Value="4096" />
  </Rule>
  <Rule ID="$(AS_PROJECT_PATH)\temp\objects\sampletext\4pp065_0571_p74\program1\program1.ox">
    <Prerequisite ID="$(AS_PROJECT_PATH)\temp\objects\sampletext\4pp065_0571_p74\program1\a.out" LastWriteTime="2019-10-02 18:20:36" />
    <Prerequisite ID="$(AS_PROJECT_PATH)\logical\libraries\library1\library1.fun" LastWriteTime="2019-09-30 16:38:44" />
    <Prerequisite ID="$(AS_PROJECT_PATH)\logical\program1\variables.var" LastWriteTime="2019-10-01 17:25:24" />
    <CommandLine Parameter="&quot;$(AS_PROJECT_PATH)\Temp\Objects\SampleText\4PP065_0571_P74\Program1\a.out&quot;  -o &quot;$(AS_PROJECT_PATH)\Temp\Objects\SampleText\4PP065_0571_P74\Program1\Program1.ox&quot; -T SG4 -r Cyclic4 -G V4.1.2  -B D4.52 " />
  </Rule>
  <Rule ID="$(AS_PROJECT_PATH)\temp\objects\sampletext\4pp065_0571_p74\program1\a.out">
    <Prerequisite ID="$(AS_PROJECT_PATH)\temp\objects\sampletext\4pp065_0571_p74\program1\main.c.o" LastWriteTime="2019-10-02 18:20:36" />
    <Prerequisite ID="$(AS_PROJECT_PATH)\temp\objects\sampletext\4pp065_0571_p74\program1\_bur_pvdef.c.o" LastWriteTime="2019-10-02 18:20:36" />
    <Prerequisite ID="$(AS_PROJECT_PATH)\logical\libraries\library1\library1.fun" LastWriteTime="2019-09-30 16:38:44" />
    <Prerequisite ID="$(AS_PROJECT_PATH)\logical\program1\variables.var" LastWriteTime="2019-10-01 17:25:24" />
    <CommandLine Parameter=" -link &quot;$(AS_PROJECT_PATH)\Temp\Objects\SampleText\4PP065_0571_P74\Program1\Main.c.o&quot; &quot;$(AS_PROJECT_PATH)\Temp\Objects\SampleText\4PP065_0571_P74\Program1\_bur_pvdef.c.o&quot;  -o &quot;$(AS_PROJECT_PATH)\Temp\Objects\SampleText\4PP065_0571_P74\Program1\a.out&quot; -G V4.1.2  -T SG4 -M IA32 &quot;-Wl,$(AS_PROJECT_PATH)\Temp\Archives\SampleText\4PP065_0571_P74\libLibrary1.a&quot; &quot;-Wl,C:\BrAutomation\AS\System\D0452\SG4\IA32\libAsIecCon.a&quot; &quot;-Wl,C:\BrAutomation\AS\System\D0452\SG4\IA32\libsys_lib.a&quot; &quot;-Wl,C:\BrAutomation\AS\System\D0452\SG4\IA32\libastime.a&quot; &quot;-Wl,C:\BrAutomation\AS\System\D0452\SG4\IA32\libasstring.a&quot; &quot;-Wl,C:\BrAutomation\AS\System\D0452\SG4\IA32\liboperator.a&quot; &quot;-Wl,C:\BrAutomation\AS\System\D0452\SG4\IA32\libruntime.a&quot; -specs=I386specs_brelf" />
  </Rule>
  <Rule ID="$(AS_PROJECT_PATH)\temp\objects\sampletext\4pp065_0571_p74\program1\main.c.o">
    <Prerequisite ID="$(AS_PROJECT_PATH)\logical\program1\main.c" LastWriteTime="2019-10-02 18:20:30" />
    <Prerequisite ID="$(AS_PROJECT_PATH)\logical\libraries\library1\library1.fun" LastWriteTime="2019-09-30 16:38:44" />
    <Prerequisite ID="$(AS_PROJECT_PATH)\logical\program1\variables.var" LastWriteTime="2019-10-01 17:25:24" />
    <Prerequisite ID="c:\brautomation\as45\as\gnuinst\v4.1.2\i386-elf\include\bur\plctypes.h" LastWriteTime="2018-11-12 17:25:24" />
    <Prerequisite ID="c:\brautomation\as45\as\gnuinst\v4.1.2\i386-elf\include\bur\plc.h" LastWriteTime="2018-11-12 17:25:24" />
    <CommandLine Parameter="&quot;$(AS_PROJECT_PATH)\Logical\Program1\Main.c&quot;  -o &quot;$(AS_PROJECT_PATH)\Temp\Objects\SampleText\4PP065_0571_P74\Program1\Main.c.o&quot; -T SG4 -M IA32 -B D4.52 -G V4.1.2  -s &quot;Program1&quot; -t &quot;$(AS_PROJECT_PATH)\Temp&quot; -specs=I386specs_brelf -I &quot;$(AS_PROJECT_PATH)\Logical\Program1&quot; &quot;$(AS_PROJECT_PATH)\Temp\Includes\Program1&quot; &quot;$(AS_PROJECT_PATH)\Temp\Includes&quot; -trigraphs -fno-asm -D _DEFAULT_INCLUDES -D _SG4 -fPIC -O0 -g -Wall -include &quot;$(AS_PROJECT_PATH)\Temp\Objects\SampleText\4PP065_0571_P74\Libraries.h&quot; -x c -P &quot;$(AS_PROJECT_PATH)&quot;" />
    <AdditionalBuildTrigger Key="IecDeclarationsInAnsiC" Value="False" />
  </Rule>
  <Rule ID="$(AS_PROJECT_PATH)\temp\objects\sampletext\4pp065_0571_p74\program1\_bur_pvdef.c.o">
    <Prerequisite ID="c:\brautomation\as45\as\gnuinst\v4.1.2\i386-elf\include\bur\_bur_pvdef.c" LastWriteTime="2018-11-12 17:25:24" />
    <Prerequisite ID="$(AS_PROJECT_PATH)\temp\objects\sampletext\4pp065_0571_p74\program1\main.c.o" LastWriteTime="2019-10-02 18:20:36" />
    <Prerequisite ID="$(AS_PROJECT_PATH)\logical\libraries\library1\library1.fun" LastWriteTime="2019-09-30 16:38:44" />
    <Prerequisite ID="$(AS_PROJECT_PATH)\logical\program1\variables.var" LastWriteTime="2019-10-01 17:25:24" />
    <Prerequisite ID="c:\brautomation\as45\as\gnuinst\v4.1.2\i386-elf\include\bur\plctypes.h" LastWriteTime="2018-11-12 17:25:24" />
    <Prerequisite ID="c:\brautomation\as45\as\gnuinst\v4.1.2\i386-elf\include\bur\plc.h" LastWriteTime="2018-11-12 17:25:24" />
    <CommandLine Parameter="&quot;C:\BrAutomation\AS45\AS\GnuInst\V4.1.2\i386-elf\include\bur\_bur_pvdef.c&quot;  -o &quot;$(AS_PROJECT_PATH)\Temp\Objects\SampleText\4PP065_0571_P74\Program1\_bur_pvdef.c.o&quot; -T SG4 -M IA32 -B D4.52 -G V4.1.2  -s &quot;Program1&quot; -t &quot;$(AS_PROJECT_PATH)\Temp&quot; -specs=I386specs_brelf -I &quot;$(AS_PROJECT_PATH)\Logical\Program1&quot; &quot;$(AS_PROJECT_PATH)\Temp\Includes\Program1&quot; &quot;$(AS_PROJECT_PATH)\Temp\Includes&quot; -trigraphs -fno-asm -D _DEFAULT_INCLUDES -D _SG4 -fPIC -O0 -g -Wall -include &quot;$(AS_PROJECT_PATH)\Temp\Objects\SampleText\4PP065_0571_P74\Libraries.h&quot; -x c -P &quot;$(AS_PROJECT_PATH)&quot;" />
    <AdditionalBuildTrigger Key="IecDeclarationsInAnsiC" Value="False" />
  </Rule>
  <Rule ID="$(AS_PROJECT_PATH)\temp\objects\sampletext\4pp065_0571_p74\sys_lib.br">
    <Prerequisite ID="c:\brautomation\as\system\d0452\sg4\ia32\sys_lib.br" LastWriteTime="2018-12-06 02:00:52" />
    <CommandLine Parameter="/c copy /B /Y &quot;C:\BrAutomation\AS\System\D0452\SG4\IA32\sys_lib.br&quot; &quot;$(AS_PROJECT_PATH)\Temp\Objects\SampleText\4PP065_0571_P74\sys_lib.br&quot; &gt; nul" />
  </Rule>
  <Rule ID="$(AS_PROJECT_PATH)\temp\objects\sampletext\4pp065_0571_p74\runtime.br">
    <Prerequisite ID="c:\brautomation\as\system\d0452\sg4\ia32\runtime.br" LastWriteTime="2018-12-06 02:00:52" />
    <CommandLine Parameter="/c copy /B /Y &quot;C:\BrAutomation\AS\System\D0452\SG4\IA32\runtime.br&quot; &quot;$(AS_PROJECT_PATH)\Temp\Objects\SampleText\4PP065_0571_P74\runtime.br&quot; &gt; nul" />
  </Rule>
  <Rule ID="$(AS_PROJECT_PATH)\temp\objects\sampletext\4pp065_0571_p74\asstring.br">
    <Prerequisite ID="c:\brautomation\as\system\d0452\sg4\ia32\asstring.br" LastWriteTime="2018-12-06 02:00:48" />
    <CommandLine Parameter="/c copy /B /Y &quot;C:\BrAutomation\AS\System\D0452\SG4\IA32\asstring.br&quot; &quot;$(AS_PROJECT_PATH)\Temp\Objects\SampleText\4PP065_0571_P74\asstring.br&quot; &gt; nul" />
  </Rule>
  <Rule ID="$(AS_PROJECT_PATH)\temp\objects\sampletext\4pp065_0571_p74\library1.br">
    <Prerequisite ID="$(AS_PROJECT_PATH)\temp\objects\sampletext\4pp065_0571_p74\library1\library1.ox" LastWriteTime="2019-10-02 18:13:32" />
    <Prerequisite ID="$(AS_PROJECT_PATH)\logical\libraries\library1\ansic.lby" LastWriteTime="2019-09-09 12:45:56" />
    <Prerequisite ID="$(AS_PROJECT_PATH)\logical\libraries\library1\library1.fun" LastWriteTime="2019-09-30 16:38:44" />
    <CommandLine Parameter="&quot;$(AS_PROJECT_PATH)\Temp\Objects\SampleText\4PP065_0571_P74\Library1\Library1.ox&quot;  -o &quot;$(AS_PROJECT_PATH)\Temp\Objects\SampleText\4PP065_0571_P74\Library1.br&quot; -v V1.00.0 -f &quot;$(AS_PROJECT_PATH)\Temp\Objects\SampleText\4PP065_0571_P74\NT.ofs&quot; -offsetLT &quot;$(AS_PROJECT_PATH)\Binaries\SampleText\4PP065_0571_P74\LT.ofs&quot; -T SG4 -M IA32 -B D4.52 -G V4.1.2  -extConstants -r Library -s &quot;Libraries.Library1&quot; -L &quot;AsIecCon: V*, asstring: V*, astime: V*, Library1: V*, Operator: V*, Runtime: V*, sys_lib: V*&quot; -P &quot;$(AS_PROJECT_PATH)&quot; " />
  </Rule>
  <Rule ID="$(AS_PROJECT_PATH)\temp\objects\sampletext\4pp065_0571_p74\library1\library1.ox">
    <Prerequisite ID="$(AS_PROJECT_PATH)\temp\objects\sampletext\4pp065_0571_p74\library1\a.out" LastWriteTime="2019-10-02 18:13:32" />
    <Prerequisite ID="$(AS_PROJECT_PATH)\logical\libraries\library1\library1.fun" LastWriteTime="2019-09-30 16:38:44" />
    <CommandLine Parameter="&quot;$(AS_PROJECT_PATH)\Temp\Objects\SampleText\4PP065_0571_P74\Library1\a.out&quot;  -o &quot;$(AS_PROJECT_PATH)\Temp\Objects\SampleText\4PP065_0571_P74\Library1\Library1.ox&quot; -T SG4 -r Library -G V4.1.2  -B D4.52 " />
  </Rule>
  <Rule ID="$(AS_PROJECT_PATH)\temp\objects\sampletext\4pp065_0571_p74\library1\a.out">
    <Prerequisite ID="$(AS_PROJECT_PATH)\temp\objects\sampletext\4pp065_0571_p74\library1\fb_integrator.c.o" LastWriteTime="2019-10-02 18:13:32" />
    <Prerequisite ID="$(AS_PROJECT_PATH)\temp\objects\sampletext\4pp065_0571_p74\library1\fbmotor.c.o" LastWriteTime="2019-10-02 18:13:32" />
    <Prerequisite ID="$(AS_PROJECT_PATH)\temp\objects\sampletext\4pp065_0571_p74\library1\fb_regulator.c.o" LastWriteTime="2019-10-02 18:13:32" />
    <Prerequisite ID="$(AS_PROJECT_PATH)\logical\libraries\library1\library1.fun" LastWriteTime="2019-09-30 16:38:44" />
    <CommandLine Parameter=" -link &quot;$(AS_PROJECT_PATH)\Temp\Objects\SampleText\4PP065_0571_P74\Library1\FB_Integrator.c.o&quot; &quot;$(AS_PROJECT_PATH)\Temp\Objects\SampleText\4PP065_0571_P74\Library1\FBMotor.c.o&quot; &quot;$(AS_PROJECT_PATH)\Temp\Objects\SampleText\4PP065_0571_P74\Library1\FB_Regulator.c.o&quot;  -o &quot;$(AS_PROJECT_PATH)\Temp\Objects\SampleText\4PP065_0571_P74\Library1\a.out&quot; &quot;-Wl,--version-script=$(AS_PROJECT_PATH)\Temp\Archives\SampleText\4PP065_0571_P74\libLibrary1.expmap&quot; -G V4.1.2  -T SG4 -M IA32 &quot;-Wl,C:\BrAutomation\AS\System\D0452\SG4\IA32\libAsIecCon.a&quot; &quot;-Wl,C:\BrAutomation\AS\System\D0452\SG4\IA32\libsys_lib.a&quot; &quot;-Wl,C:\BrAutomation\AS\System\D0452\SG4\IA32\libastime.a&quot; &quot;-Wl,C:\BrAutomation\AS\System\D0452\SG4\IA32\libasstring.a&quot; &quot;-Wl,C:\BrAutomation\AS\System\D0452\SG4\IA32\liboperator.a&quot; &quot;-Wl,C:\BrAutomation\AS\System\D0452\SG4\IA32\libruntime.a&quot; -specs=I386specs_brelf" />
  </Rule>
  <Rule ID="$(AS_PROJECT_PATH)\temp\objects\sampletext\4pp065_0571_p74\library1\fb_integrator.c.o">
    <Prerequisite ID="$(AS_PROJECT_PATH)\logical\libraries\library1\fb_integrator.c" LastWriteTime="2019-10-01 17:53:22" />
    <Prerequisite ID="c:\brautomation\as45\as\gnuinst\v4.1.2\i386-elf\include\bur\plctypes.h" LastWriteTime="2018-11-12 17:25:24" />
    <Prerequisite ID="c:\brautomation\as45\as\gnuinst\v4.1.2\i386-elf\include\bur\plc.h" LastWriteTime="2018-11-12 17:25:24" />
    <Prerequisite ID="$(AS_PROJECT_PATH)\temp\includes\library1.h" LastWriteTime="2019-10-02 18:13:32" />
    <CommandLine Parameter="&quot;$(AS_PROJECT_PATH)\Logical\Libraries\Library1\FB_Integrator.c&quot;  -o &quot;$(AS_PROJECT_PATH)\Temp\Objects\SampleText\4PP065_0571_P74\Library1\FB_Integrator.c.o&quot; -T SG4 -M IA32 -B D4.52 -G V4.1.2  -s &quot;Libraries.Library1&quot; -t &quot;$(AS_PROJECT_PATH)\Temp&quot; -specs=I386specs_brelf -r Library -I &quot;$(AS_PROJECT_PATH)\Logical\Libraries\Library1&quot; &quot;$(AS_PROJECT_PATH)\Temp\Includes\Libraries\Library1&quot; &quot;$(AS_PROJECT_PATH)\Temp\Includes&quot; -trigraphs -fno-asm -D _DEFAULT_INCLUDES -D _SG4 -fPIC -O0 -g -Wall -include &quot;$(AS_PROJECT_PATH)\Temp\Objects\SampleText\4PP065_0571_P74\Libraries.h&quot; -D _LIBRARY1_EXPORT -x c -P &quot;$(AS_PROJECT_PATH)&quot;" />
  </Rule>
  <Rule ID="$(AS_PROJECT_PATH)\temp\objects\sampletext\4pp065_0571_p74\library1\fbmotor.c.o">
    <Prerequisite ID="$(AS_PROJECT_PATH)\logical\libraries\library1\fbmotor.c" LastWriteTime="2019-10-02 17:38:32" />
    <Prerequisite ID="c:\brautomation\as45\as\gnuinst\v4.1.2\i386-elf\include\bur\plctypes.h" LastWriteTime="2018-11-12 17:25:24" />
    <Prerequisite ID="c:\brautomation\as45\as\gnuinst\v4.1.2\i386-elf\include\bur\plc.h" LastWriteTime="2018-11-12 17:25:24" />
    <Prerequisite ID="$(AS_PROJECT_PATH)\temp\includes\library1.h" LastWriteTime="2019-10-02 18:13:32" />
    <CommandLine Parameter="&quot;$(AS_PROJECT_PATH)\Logical\Libraries\Library1\FBMotor.c&quot;  -o &quot;$(AS_PROJECT_PATH)\Temp\Objects\SampleText\4PP065_0571_P74\Library1\FBMotor.c.o&quot; -T SG4 -M IA32 -B D4.52 -G V4.1.2  -s &quot;Libraries.Library1&quot; -t &quot;$(AS_PROJECT_PATH)\Temp&quot; -specs=I386specs_brelf -r Library -I &quot;$(AS_PROJECT_PATH)\Logical\Libraries\Library1&quot; &quot;$(AS_PROJECT_PATH)\Temp\Includes\Libraries\Library1&quot; &quot;$(AS_PROJECT_PATH)\Temp\Includes&quot; -trigraphs -fno-asm -D _DEFAULT_INCLUDES -D _SG4 -fPIC -O0 -g -Wall -include &quot;$(AS_PROJECT_PATH)\Temp\Objects\SampleText\4PP065_0571_P74\Libraries.h&quot; -D _LIBRARY1_EXPORT -x c -P &quot;$(AS_PROJECT_PATH)&quot;" />
  </Rule>
  <Rule ID="$(AS_PROJECT_PATH)\temp\objects\sampletext\4pp065_0571_p74\library1\fb_regulator.c.o">
    <Prerequisite ID="$(AS_PROJECT_PATH)\logical\libraries\library1\fb_regulator.c" LastWriteTime="2019-10-02 16:25:42" />
    <Prerequisite ID="c:\brautomation\as45\as\gnuinst\v4.1.2\i386-elf\include\bur\plctypes.h" LastWriteTime="2018-11-12 17:25:24" />
    <Prerequisite ID="c:\brautomation\as45\as\gnuinst\v4.1.2\i386-elf\include\bur\plc.h" LastWriteTime="2018-11-12 17:25:24" />
    <Prerequisite ID="$(AS_PROJECT_PATH)\temp\includes\library1.h" LastWriteTime="2019-10-02 18:13:32" />
    <CommandLine Parameter="&quot;$(AS_PROJECT_PATH)\Logical\Libraries\Library1\FB_Regulator.c&quot;  -o &quot;$(AS_PROJECT_PATH)\Temp\Objects\SampleText\4PP065_0571_P74\Library1\FB_Regulator.c.o&quot; -T SG4 -M IA32 -B D4.52 -G V4.1.2  -s &quot;Libraries.Library1&quot; -t &quot;$(AS_PROJECT_PATH)\Temp&quot; -specs=I386specs_brelf -r Library -I &quot;$(AS_PROJECT_PATH)\Logical\Libraries\Library1&quot; &quot;$(AS_PROJECT_PATH)\Temp\Includes\Libraries\Library1&quot; &quot;$(AS_PROJECT_PATH)\Temp\Includes&quot; -trigraphs -fno-asm -D _DEFAULT_INCLUDES -D _SG4 -fPIC -O0 -g -Wall -include &quot;$(AS_PROJECT_PATH)\Temp\Objects\SampleText\4PP065_0571_P74\Libraries.h&quot; -D _LIBRARY1_EXPORT -x c -P &quot;$(AS_PROJECT_PATH)&quot;" />
  </Rule>
  <Rule ID="#cpu_tp.mak">
    <CommandLine Parameter=" -r -f &quot;$(AS_PROJECT_PATH)\Temp\Objects\SampleText\4PP065_0571_P74\#cpu_tp.mak&quot; -k" />
  </Rule>
  <Rule ID="$(AS_PROJECT_PATH)\binaries\sampletext\4pp065_0571_p74\transfer.lst">
    <Prerequisite ID="$(AS_PROJECT_PATH)\temp\objects\sampletext\4pp065_0571_p74\iomap.br" LastWriteTime="2019-10-02 18:13:36" />
    <Prerequisite ID="$(AS_PROJECT_PATH)\temp\objects\sampletext\4pp065_0571_p74\ashwac.br" LastWriteTime="2019-10-02 18:13:36" />
    <Prerequisite ID="$(AS_PROJECT_PATH)\temp\objects\sampletext\4pp065_0571_p74\sysconf.br" LastWriteTime="2019-10-02 18:13:36" />
    <Prerequisite ID="$(AS_PROJECT_PATH)\temp\objects\sampletext\4pp065_0571_p74\asfw.br" LastWriteTime="2019-10-02 18:13:36" />
    <Prerequisite ID="$(AS_PROJECT_PATH)\temp\objects\sampletext\4pp065_0571_p74\ashwd.br" LastWriteTime="2019-10-02 18:13:36" />
    <Prerequisite ID="$(AS_PROJECT_PATH)\temp\objects\sampletext\4pp065_0571_p74\arconfig.br" LastWriteTime="2019-10-02 18:13:36" />
    <Prerequisite ID="$(AS_PROJECT_PATH)\temp\objects\sampletext\4pp065_0571_p74\udbdef.br" LastWriteTime="2018-11-12 17:25:24" />
    <Prerequisite ID="$(AS_PROJECT_PATH)\temp\objects\sampletext\4pp065_0571_p74\tcdata.br" LastWriteTime="2019-10-02 18:13:38" />
    <Prerequisite ID="$(AS_PROJECT_PATH)\temp\objects\sampletext\4pp065_0571_p74\role.br" LastWriteTime="2019-10-02 18:13:36" />
    <Prerequisite ID="$(AS_PROJECT_PATH)\temp\objects\sampletext\4pp065_0571_p74\user.br" LastWriteTime="2019-10-02 18:13:36" />
    <Prerequisite ID="$(AS_PROJECT_PATH)\temp\objects\sampletext\4pp065_0571_p74\program1.br" LastWriteTime="2019-10-02 18:20:36" />
    <Prerequisite ID="$(AS_PROJECT_PATH)\temp\objects\sampletext\4pp065_0571_p74\sys_lib.br" LastWriteTime="2018-12-06 02:00:52" />
    <Prerequisite ID="$(AS_PROJECT_PATH)\temp\objects\sampletext\4pp065_0571_p74\runtime.br" LastWriteTime="2018-12-06 02:00:52" />
    <Prerequisite ID="$(AS_PROJECT_PATH)\temp\objects\sampletext\4pp065_0571_p74\asstring.br" LastWriteTime="2018-12-06 02:00:48" />
    <Prerequisite ID="$(AS_PROJECT_PATH)\temp\objects\sampletext\4pp065_0571_p74\library1.br" LastWriteTime="2019-10-02 18:13:32" />
    <Prerequisite ID="$(AS_PROJECT_PATH)\physical\sampletext\4pp065_0571_p74\cpu.sw" LastWriteTime="2019-10-02 18:04:28" />
    <CommandLine Parameter=" &quot;$(AS_PROJECT_PATH)\DriveControl.apj&quot; -t &quot;$(AS_PROJECT_PATH)\Temp&quot; -o &quot;$(AS_PROJECT_PATH)\Binaries&quot; -c &quot;SampleText&quot; -i &quot;C:\BrAutomation\AS45&quot; -S &quot;4PP065_0571_P74&quot; -A &quot;PP065&quot; -pil -swFiles &quot;$(AS_PROJECT_PATH)\Physical\SampleText\4PP065_0571_P74\Cpu.sw&quot; -Z &quot;UnitSystem: n.d, TextSystem: n.d, ProgrammingSystem: n.d, Connectivity: n.d, AAS: n.d&quot; -C &quot;/RT=1000 /AM=* /SDT=5 /DAIP=10.1.1.13 /REPO=11159 /ANSL=1 /PT=11169&quot; -D &quot;/IF=tcpip /LOPO=11159 /SA=2&quot; -M IA32 -T SG4" />
  </Rule>
</RuleSetOptions>