﻿<?xml version="1.0" encoding="utf-8"?>
<BuildReasons>
  <Rule ID="$(AS_PROJECT_PATH)\temp\objects\sampletext\4pp065_0571_p74\program1\main.c.o">
    <BuildReason>Prerequiste "$(AS_PROJECT_PATH)\logical\program1\main.c" differs.
</BuildReason>
  </Rule>
  <Rule ID="$(AS_PROJECT_PATH)\temp\objects\sampletext\4pp065_0571_p74\program1\_bur_pvdef.c.o">
    <BuildReason>Prerequiste "$(AS_PROJECT_PATH)\temp\objects\sampletext\4pp065_0571_p74\program1\main.c.o" differs.
</BuildReason>
  </Rule>
  <Rule ID="$(AS_PROJECT_PATH)\temp\objects\sampletext\4pp065_0571_p74\program1\a.out">
    <BuildReason>Prerequiste "$(AS_PROJECT_PATH)\temp\objects\sampletext\4pp065_0571_p74\program1\main.c.o" differs.
</BuildReason>
  </Rule>
  <Rule ID="$(AS_PROJECT_PATH)\temp\objects\sampletext\4pp065_0571_p74\program1\program1.ox">
    <BuildReason>Prerequiste "$(AS_PROJECT_PATH)\temp\objects\sampletext\4pp065_0571_p74\program1\a.out" differs.
</BuildReason>
  </Rule>
  <Rule ID="$(AS_PROJECT_PATH)\temp\objects\sampletext\4pp065_0571_p74\program1.br">
    <BuildReason>Prerequiste "$(AS_PROJECT_PATH)\temp\objects\sampletext\4pp065_0571_p74\program1\program1.ox" differs.
</BuildReason>
  </Rule>
  <Rule ID="#cpu_tp.mak">
    <BuildReason>Rule is forced.</BuildReason>
  </Rule>
  <Rule ID="$(AS_PROJECT_PATH)\binaries\sampletext\4pp065_0571_p74\transfer.lst">
    <BuildReason>Prerequiste "$(AS_PROJECT_PATH)\temp\objects\sampletext\4pp065_0571_p74\program1.br" differs.
</BuildReason>
  </Rule>
</BuildReasons>